BusinessKey,IdentityId,FirstName,LastName,Email,ValidFrom,ValidTo
1f051cb2-406e-4ed7-a28b-8d36fff882cf,1,Richard,Taylor,richard.taylor@example.com,2021-02-11,2026-03-13
fd6a105a-b96b-4f8f-ac5f-f2f31e47f0c5,2,Michael,Gonzalez,michael.gonzalez@example.com,2023-06-12,2024-06-03
b47cb98c-333b-43f7-8dbe-6630838f3679,3,James,Thomas,james.thomas@example.com,2024-05-03,
ce0c8fa3-1b44-47b1-a3cc-fc5c80b7167c,4,David,Johnson,david.johnson@example.com,2020-10-29,
55279bde-facb-4804-8b00-cad946bd39cd,5,Michael,Hernandez,michael.hernandez@example.com,2023-05-05,2026-06-25
e51218d4-c5ff-4966-8dcf-cb433c21ba8b,6,Barbara,Brown,barbara.brown@example.com,2021-07-06,
32353701-feae-4372-b294-33c57f1644d3,7,David,Martin,david.martin@example.com,2023-03-22,2025-05-28
66ff117b-fe7f-499b-a9f0-74296aae723e,8,Karen,Lopez,karen.lopez@example.com,2023-01-17,
3ee8db0f-90d2-442d-9838-86221b3207c2,9,Thomas,Martinez,thomas.martinez@example.com,2023-07-12,2026-01-15
3f8c3d2a-73e9-4248-80da-2ea9be122bc2,10,William,Jackson,william.jackson@example.com,2025-03-01,2025-05-31
03dd728f-1ad5-46f4-b05f-ff119ea91cf1,11,Mary,Brown,mary.brown@example.com,2024-01-25,2026-06-27
c0915e46-cb17-4281-b6f4-ae6433ca84e2,12,Thomas,Jones,thomas.jones@example.com,2020-09-06,
5e4b6733-9f70-4f25-b7b2-0d0db22247df,13,Robert,Lopez,robert.lopez@example.com,2022-08-10,
ff4bc716-836a-45d5-ae49-03683c827a9f,14,Charles,Rodriguez,charles.rodriguez@example.com,2023-08-16,2025-04-06
0982c728-dcea-4ebc-95c1-53bf2f7aa656,15,Karen,Gonzalez,karen.gonzalez@example.com,2024-04-12,2026-05-16
a71975e1-c9c7-430b-abbd-1171fcecd9c2,16,William,Taylor,william.taylor@example.com,2022-05-10,2024-06-08
bafcbd77-b170-4fac-b5be-183dfc37dcaa,17,Joseph,Jones,joseph.jones@example.com,2021-01-30,
756c9731-df8c-4467-adb6-4999a717d88f,18,Mary,Taylor,mary.taylor@example.com,2023-07-03,2025-10-15
ef4750be-b10a-4289-a1f5-b88b3f754d98,19,Barbara,Martinez,barbara.martinez@example.com,2024-07-01,2026-09-11
79ce155a-ac75-46e2-a5c8-914cd17d8dc0,20,Robert,Williams,robert.williams@example.com,2021-04-07,
fdc0d777-86e9-4810-a6be-6f24e66114ef,21,Elizabeth,Martin,elizabeth.martin@example.com,2022-07-06,2027-05-31
f9648558-2708-4fbe-a189-bc7f31e20b4b,22,Elizabeth,Jackson,elizabeth.jackson@example.com,2025-05-23,
3ec9a6ac-f38f-4f25-a5c6-5a77ecdf499c,23,Charles,Thomas,charles.thomas@example.com,2024-07-02,2026-08-28
140c888a-aafa-419f-b37a-328de0dba899,24,Susan,Rodriguez,susan.rodriguez@example.com,2021-01-05,2025-11-24
5ce9d633-d43b-456d-879c-5718211be98d,25,William,Hernandez,william.hernandez@example.com,2024-06-15,2025-01-10
654cb1ce-19a4-45bb-91d9-9f03ba9ada18,26,Thomas,Miller,thomas.miller@example.com,2024-11-18,
8884e41b-7b9f-490a-afab-12540c3fbd90,27,Linda,Wilson,linda.wilson@example.com,2022-04-14,2026-12-04
e148e3c6-831f-49b7-b113-7866e0766087,28,Patricia,Williams,patricia.williams@example.com,2020-10-23,2022-11-18
b5d2c083-1fd9-4f86-bf0d-5549f6309d5a,29,Jessica,Jackson,jessica.jackson@example.com,2024-06-12,2026-09-30
cb264bf5-fd67-4c80-8d2e-8d76ff12ec80,30,Susan,Johnson,susan.johnson@example.com,2021-11-06,2022-10-09
41ea599a-b1dc-4125-a21c-6379c6c4c7ff,31,Linda,Anderson,linda.anderson@example.com,2022-11-08,
00571991-3e02-4653-a2f2-1471b2e2682c,32,William,Jackson,william.jackson@example.com,2021-05-13,2027-04-20
5259f995-3ac9-4582-bfe7-16fbb6dab4da,33,Jessica,Brown,jessica.brown@example.com,2024-07-24,2027-02-06
ad98d1ac-56ef-448e-a3dc-cd1a35c3c10b,34,James,Anderson,james.anderson@example.com,2024-11-02,2025-06-07
3405d7ed-71ad-4b96-b2da-d9ad092ade38,35,Mary,Davis,mary.davis@example.com,2024-06-22,
5e4d762e-a282-4218-8cb8-16533a7dd103,36,James,Wilson,james.wilson@example.com,2021-08-28,2027-05-14
165e9dc2-9fd9-4a8a-a7e3-8554c66862e0,37,Joseph,Moore,joseph.moore@example.com,2023-08-20,
868bc4d4-c953-41a3-b1f1-0f9ab91af5bc,38,Linda,Hernandez,linda.hernandez@example.com,2025-01-27,2025-06-17
194999f8-1770-4d0e-9110-d5167b87945d,39,Thomas,Anderson,thomas.anderson@example.com,2021-07-28,2021-08-31
cce7676e-7092-4e21-b9d5-333483fc4bf4,40,James,Thomas,james.thomas@example.com,2023-09-22,2025-11-22
4fddb021-d2c6-4275-b2a3-3be76eb14332,41,Patricia,Davis,patricia.davis@example.com,2021-05-15,
3e3581d5-c779-45c4-a4be-4b441cba35e1,42,Linda,Jackson,linda.jackson@example.com,2021-07-02,
dbd19d54-0e40-44c4-b1cc-ca0ba3093681,43,Susan,Lopez,susan.lopez@example.com,2023-07-11,
63821f5d-aca8-4a00-b244-cba5c4a60ea5,44,Susan,Anderson,susan.anderson@example.com,2023-11-22,
1bafd180-792e-4f73-afea-c3629f7092df,45,Elizabeth,Hernandez,elizabeth.hernandez@example.com,2021-08-28,2025-09-23
85bf7626-0880-4695-b3be-55817323c9c2,46,Robert,Lopez,robert.lopez@example.com,2021-07-02,2022-02-28
26b045c2-28f3-4222-9ef9-731693582232,47,Michael,Garcia,michael.garcia@example.com,2020-09-19,2022-06-23
1aea6a0f-ff33-4670-84fd-22e0ac83f7c8,48,Mary,Martinez,mary.martinez@example.com,2023-06-18,2026-09-15
318b0f05-2951-46a6-ac44-ea48c258f9ee,49,James,Moore,james.moore@example.com,2024-12-08,2027-03-13
7d972f64-7e95-42e1-8dfa-e7f922e0afed,50,Susan,Brown,susan.brown@example.com,2023-11-05,2025-08-23
f7d543f1-e13b-46a6-802e-f0f3ed063768,51,Mary,Jackson,mary.jackson@example.com,2023-03-20,2025-08-05
d8965afc-a719-4966-b951-5e389e757925,52,Michael,Gonzalez,michael.gonzalez@example.com,2022-06-15,2024-10-29
5081c86a-b5fd-4393-94b6-446f840b60d2,53,Charles,Davis,charles.davis@example.com,2023-09-06,2025-06-03
b95945ab-f537-453e-b352-bb7fc6965d95,54,Karen,Smith,karen.smith@example.com,2023-06-08,2024-06-13
b39ed1c1-4531-43f1-b7de-43d2feeefb53,55,Jessica,Smith,jessica.smith@example.com,2024-03-11,2026-06-08
ac73dcb9-c245-4b45-a538-960abe698e1c,56,Thomas,Martin,thomas.martin@example.com,2023-06-20,
14d78105-3c04-40aa-a9ff-3b5951142042,57,Jessica,Davis,jessica.davis@example.com,2021-11-20,2025-12-29
5520f357-ee7d-485f-8c28-28cce883666d,58,William,Lopez,william.lopez@example.com,2023-05-03,2024-08-18
64e2b67f-f9fc-4180-bf3c-d071aa84201f,59,Sarah,Taylor,sarah.taylor@example.com,2025-03-12,2025-06-03
da79a3a0-13ea-4da6-b042-3a4656ca696f,60,Patricia,Rodriguez,patricia.rodriguez@example.com,2022-12-15,2026-09-17
d331b09f-9de9-4d8e-9b01-6313be004a6f,61,John,Brown,john.brown@example.com,2024-10-21,2026-07-29
939b59f6-b3cd-4fd6-968b-db69593f8a44,62,Joseph,Brown,joseph.brown@example.com,2021-04-28,
6014a4b6-ee3e-4b2d-b7e0-745adfce5fba,63,Robert,Moore,robert.moore@example.com,2020-11-10,2023-09-21
f43b541d-3dd0-4c3d-881d-c7e2db96b02d,64,David,Moore,david.moore@example.com,2024-02-14,2024-12-28
f8c71586-c872-4807-b486-bba203147a46,65,Joseph,Davis,joseph.davis@example.com,2025-04-11,2027-05-27
fc56a72b-a669-4a62-afd6-758a14d05685,66,Richard,Martin,richard.martin@example.com,2022-12-18,2024-04-27
651041ab-304c-483e-92a7-b6ec718c8e5a,67,Sarah,Garcia,sarah.garcia@example.com,2023-09-15,2025-02-06
8d0f24bc-e8db-4afe-8acb-257b1de1685b,68,Patricia,Rodriguez,patricia.rodriguez@example.com,2023-11-13,2025-02-25
f8c86b7d-23b8-4b05-b9a6-ada27e182ea6,69,James,Davis,james.davis@example.com,2025-04-29,
bc0695a6-0326-4610-a38b-523f029340d6,70,Mary,Lopez,mary.lopez@example.com,2023-12-22,
7f6fdc6d-4e9c-4a52-a4b9-03f5698a7cca,71,Robert,Moore,robert.moore@example.com,2020-12-07,
3e5b17f7-ef98-4928-a321-1924a5b81bad,72,Elizabeth,Hernandez,elizabeth.hernandez@example.com,2021-07-10,
88068fc3-a7a6-403d-acb7-7eefe56c7133,73,Joseph,Smith,joseph.smith@example.com,2021-07-20,2023-05-12
ac9af644-1f03-411c-b42c-1fca5549d4c5,74,Joseph,Miller,joseph.miller@example.com,2020-12-20,2026-08-05
375296f9-a3c3-4699-b3b1-7c0365d3baa2,75,Jessica,Williams,jessica.williams@example.com,2023-12-18,
63ccaf20-6fe3-4792-b0d8-7f13b1c0145f,76,William,Thomas,william.thomas@example.com,2023-11-16,2025-06-02
2d75754e-c457-4563-8eb6-95bae921b976,77,Charles,Williams,charles.williams@example.com,2022-04-12,2025-08-28
9e0b79d0-155c-4d35-90df-b7c0ea89ab9c,78,Charles,Jones,charles.jones@example.com,2020-07-16,
8019ce19-ee33-468f-8eeb-351f75e1a441,79,James,Thomas,james.thomas@example.com,2023-08-20,2026-11-16
7648c43d-dad4-4e57-9837-2ade059e153e,80,Barbara,Martin,barbara.martin@example.com,2022-11-28,2026-05-20
2592316a-0da6-433c-9b98-b21965e1e3bc,81,Mary,Lopez,mary.lopez@example.com,2023-04-06,2026-04-25
e8159d51-2c6c-4ecb-b471-c6520a965871,82,Joseph,Jones,joseph.jones@example.com,2023-06-28,
38fcd84b-be82-42d3-b8ac-4c46fad8477c,83,Karen,Moore,karen.moore@example.com,2022-08-13,
6f9be0d0-7b66-403d-84f4-3c5168941029,84,Robert,Jones,robert.jones@example.com,2021-02-15,2022-10-29
e287415b-5cd8-4beb-8689-3879c3a85f05,85,Karen,Thomas,karen.thomas@example.com,2022-04-13,
fa5b2a62-26a2-4327-b4e3-200de54171f7,86,John,Johnson,john.johnson@example.com,2022-12-29,2027-05-21
a9fd46da-7a31-42f3-8089-3d480bea0fbc,87,Richard,Williams,richard.williams@example.com,2024-10-23,2025-06-13
eb393402-ef12-4754-8d62-5b6e61f968d0,88,Richard,Brown,richard.brown@example.com,2022-02-27,
3e67d5ef-76cc-48e9-b974-e22d5384dbf0,89,Sarah,Smith,sarah.smith@example.com,2025-05-03,2025-06-14
840bf3c8-0265-43d2-a279-f98666f59086,90,Jennifer,Hernandez,jennifer.hernandez@example.com,2021-11-04,
5651c384-d07d-4807-8b85-4594f35bd43f,91,Barbara,Gonzalez,barbara.gonzalez@example.com,2024-01-19,2025-06-08
8f774869-afb2-46ef-86bd-3df6ed466e6d,92,Thomas,Jackson,thomas.jackson@example.com,2022-01-20,
184a145f-dcac-4599-9e0b-cce599008a45,93,James,Davis,james.davis@example.com,2020-11-27,2026-02-19
279e4f89-8f4f-47bc-ae8c-72a018e43c36,94,Joseph,Jones,joseph.jones@example.com,2021-05-29,2022-10-08
2bca11f0-09b8-4da6-81f6-b546d1a7e36b,95,Karen,Moore,karen.moore@example.com,2025-02-24,2025-05-29
5848aab7-8c34-4e99-8227-8f30c924ba29,96,John,Martin,john.martin@example.com,2024-06-06,2025-01-01
23b14b90-a7d6-421c-836e-3d746ce3d49a,97,Richard,Johnson,richard.johnson@example.com,2020-08-01,2023-03-12
6680cd20-464e-4f17-834a-29c6f5e7b8ec,98,Robert,Hernandez,robert.hernandez@example.com,2022-03-05,
0e051594-baaa-4cd8-a5a1-ab244123817e,99,Barbara,Martinez,barbara.martinez@example.com,2023-06-17,2025-09-27
8f6e88a4-d00b-4e42-a969-3517a6e22a39,100,Richard,Taylor,richard.taylor@example.com,2021-08-13,2027-03-25
